,Team,total_wins,win_percentage,srs,sos,opp_pass_cmp,opp_pass_att,opp_pass_cmp_pct,opp_pass_yds,opp_pass_td,opp_tot_yds,opp_tot_yds_per_play,opp_first_down,opp_penalty,opp_turnovers,ppg,oppg,pass_cmp,pass_att,pass_cmp_pct,pass_yds,pass_td,rush_att,rush_yds,rush_yds_per_att,rush_td,tot_plays,tot_yds,tot_yds_per_play,first_down,penalty,turnovers,ACC (Atlantic Division),ACC (Coastal Division),American (East Division),American (West Division),Big 12,Big Ten (East Division),Big Ten (West Division),CUSA (East Division),CUSA (West Division),Ind,MAC (East Division),MAC (West Division),MWC (Mountain Division),MWC (West Division),Pac-12 (North Division),Pac-12 (South Division),SEC (East Division),SEC (West Division),Sun Belt
G1T1,Fresno State,11,0.8461538461538461,12.36,-3.0,16.5,31.9,51.7,189.4,1.1,321.6,4.7,17.8,5.0,1.9,34.87692307692308,13.646153846153847,22.0,31.58461538461539,0.6965416463711642,274.1076923076924,2.046153846153846,35.89230769230769,146.8153846153846,4.090441491641664,-17.630769230769232,67.0153846153846,421.03076923076935,6.282598714416897,20.261538461538464,5.261538461538461,0.8461538461538461,0.0,0.0,0.0,0.0,0.0,0.0,0.0,0.0,0.0,0.0,0.0,0.0,0.0,1.0,0.0,0.0,0.0,0.0,0.0
G1T2,Arizona State,7,0.5833333333333334,5.39,1.7,18.9,31.4,60.3,233.8,1.5,405.4,5.7,22.5,5.8,1.6,30.725,25.04166666666667,19.0,30.45833333333333,0.6238030095759234,241.34166666666667,1.5416666666666667,39.016666666666666,185.88333333333333,4.7642033319094415,-11.5,68.89166666666667,427.225,6.201403169227048,21.79166666666667,6.3583333333333325,0.7000000000000001,0.0,0.0,0.0,0.0,0.0,0.0,0.0,0.0,0.0,0.0,0.0,0.0,0.0,0.0,0.0,1.0,0.0,0.0,0.0
G2T1,Georgia Southern,9,0.75,3.72,-5.13,18.4,29.7,61.9,216.5,1.1,357.2,5.5,18.7,5.5,2.1,31.125,21.54166666666667,5.5166666666666675,9.166666666666666,0.6018181818181818,82.83333333333333,0.8666666666666667,52.60833333333334,261.45,4.969744970695389,-24.65833333333333,57.52500000000001,344.28333333333336,5.9849340866290035,16.7,4.758333333333334,0.43333333333333335,0.0,0.0,0.0,0.0,0.0,0.0,0.0,0.0,0.0,0.0,0.0,0.0,0.0,0.0,0.0,0.0,0.0,0.0,1.0
G2T2,Eastern Michigan,7,0.5833333333333334,-1.15,-4.84,14.5,26.3,55.3,150.2,0.9,354.6,5.0,18.8,7.1,1.8,27.5,22.025,19.058333333333334,30.11666666666667,0.6328168234643055,228.59166666666667,1.4833333333333334,38.78333333333333,150.19166666666666,3.872582724538032,-6.133333333333333,69.06666666666666,378.78333333333336,5.484314671814673,18.65833333333333,7.574999999999998,1.1916666666666669,0.0,0.0,0.0,0.0,0.0,0.0,0.0,0.0,0.0,0.0,0.0,1.0,0.0,0.0,0.0,0.0,0.0,0.0,0.0
G3T1,Tulane,6,0.5,-0.85,-2.16,18.4,35.2,52.3,258.2,1.9,406.8,5.6,21.5,6.3,1.4,25.61666666666667,27.79166666666667,11.758333333333333,23.525,0.4998228834573149,186.275,1.2166666666666666,48.55,208.84166666666667,4.301579128046687,-25.7,67.8,395.11666666666673,5.8276794493608675,17.925,7.283333333333332,1.4583333333333333,0.0,0.0,0.0,1.0,0.0,0.0,0.0,0.0,0.0,0.0,0.0,0.0,0.0,0.0,0.0,0.0,0.0,0.0,0.0
G3T2,Louisiana,7,0.5384615384615384,-2.25,-2.11,15.4,24.9,62.1,216.8,1.6,435.9,6.3,22.6,4.8,1.1,32.5076923076923,33.67692307692308,16.06153846153846,24.892307692307693,0.6452410383189123,208.03076923076924,1.969230769230769,40.50769230769232,229.1692307692308,5.657424990505128,-4.092307692307692,65.0153846153846,437.19999999999993,6.7245622337908175,20.369230769230768,5.200000000000001,1.2153846153846155,0.0,0.0,0.0,0.0,0.0,0.0,0.0,0.0,0.0,0.0,0.0,0.0,0.0,0.0,0.0,0.0,0.0,0.0,1.0
G4T1,Utah State,10,0.8333333333333334,9.63,-5.83,18.8,35.0,53.6,236.5,1.4,379.6,5.0,19.5,7.1,2.5,47.125,22.966666666666665,23.49166666666667,35.2,0.6673768939393941,288.8,2.375,36.28333333333333,205.01666666666668,5.650436380339918,-13.383333333333333,71.73333333333333,493.81666666666666,6.884061338289963,23.05,7.866666666666666,1.4333333333333331,0.0,0.0,0.0,0.0,0.0,0.0,0.0,0.0,0.0,0.0,0.0,0.0,1.0,0.0,0.0,0.0,0.0,0.0,0.0
G4T2,North Texas,9,0.75,0.65,-8.35,19.1,36.0,53.0,254.8,1.4,374.6,5.3,18.8,5.8,1.7,36.4,21.88333333333333,25.341666666666665,39.2,0.6464710884353742,316.28333333333336,2.3000000000000003,35.625,156.61666666666667,4.396257309941522,-7.941666666666666,74.24166666666666,472.79166666666674,6.368279268155797,25.175,4.6000000000000005,1.0750000000000002,0.0,0.0,0.0,0.0,0.0,0.0,0.0,0.0,1.0,0.0,0.0,0.0,0.0,0.0,0.0,0.0,0.0,0.0,0.0
G5T1,Alabama-Birmingham,10,0.7692307692307693,2.05,-6.38,15.3,28.1,54.3,181.0,1.0,299.2,4.8,17.3,4.5,1.4,29.353846153846153,17.307692307692307,13.338461538461539,23.93846153846154,0.5571979434447301,191.4307692307692,1.0923076923076922,45.47692307692307,208.9692307692308,4.5950608930987835,-5.446153846153847,68.87692307692306,400.4,5.813267813267814,21.507692307692302,6.553846153846153,1.4307692307692306,0.0,0.0,0.0,0.0,0.0,0.0,0.0,0.0,1.0,0.0,0.0,0.0,0.0,0.0,0.0,0.0,0.0,0.0,0.0
G5T2,Northern Illinois,8,0.6153846153846154,-1.93,-0.93,19.4,34.2,56.8,247.8,1.2,357.0,4.8,20.4,5.9,1.4,20.646153846153847,21.49230769230769,16.507692307692302,28.56923076923077,0.5778136779752288,153.58461538461538,1.1846153846153848,43.646153846153844,171.43076923076922,3.9277405710257316,-7.015384615384615,71.16923076923077,325.0153846153846,4.566796368352789,19.16923076923077,6.6923076923076925,1.3538461538461537,0.0,0.0,0.0,0.0,0.0,0.0,0.0,0.0,0.0,0.0,0.0,1.0,0.0,0.0,0.0,0.0,0.0,0.0,0.0
G6T1,Ohio,8,0.6666666666666666,4.51,-5.95,19.7,32.5,60.7,253.8,1.8,390.8,6.1,19.7,7.5,2.4,41.19166666666667,26.65,14.55,24.05833333333333,0.6047800484932455,208.38333333333333,1.975,44.425,262.34166666666664,5.905271056087037,-14.558333333333332,66.98333333333333,470.725,7.027494401592437,24.79166666666667,5.308333333333334,1.4583333333333333,0.0,0.0,0.0,0.0,0.0,0.0,0.0,0.0,0.0,0.0,1.0,0.0,0.0,0.0,0.0,0.0,0.0,0.0,0.0
G6T2,San Diego State,7,0.5833333333333334,-3.29,-1.9,18.6,30.8,60.3,230.8,1.4,334.6,5.1,16.6,4.5,1.2,22.316666666666666,21.8,12.866666666666667,23.83333333333333,0.5398601398601399,191.63333333333333,1.1916666666666669,41.05833333333333,162.42499999999995,3.9559569717881065,-11.45,64.05833333333332,353.9500000000001,5.525432548458438,17.241666666666667,7.466666666666668,1.35,0.0,0.0,0.0,0.0,0.0,0.0,0.0,0.0,0.0,0.0,0.0,0.0,0.0,1.0,0.0,0.0,0.0,0.0,0.0
G7T1,Marshall,8,0.6666666666666666,0.7,-5.92,19.7,34.9,56.4,234.5,1.3,337.5,4.8,18.6,6.5,1.8,27.38333333333333,21.950000000000006,18.625,33.90833333333333,0.5492750061440158,228.69166666666663,1.625,37.375,155.79166666666666,4.168338907469342,-21.65833333333333,69.78333333333333,384.48333333333335,5.509672796751852,19.666666666666668,6.375,2.058333333333333,0.0,0.0,0.0,0.0,0.0,0.0,0.0,1.0,0.0,0.0,0.0,0.0,0.0,0.0,0.0,0.0,0.0,0.0,0.0
G7T2,South Florida,7,0.5833333333333334,-6.29,-3.75,15.5,28.1,55.3,199.1,1.2,447.3,5.9,23.2,6.2,1.6,29.20833333333333,31.5,19.766666666666666,33.38333333333333,0.5921118322516226,240.375,1.241666666666667,40.425,204.55833333333337,5.0601937744794885,-5.5,73.47500000000002,444.9333333333333,6.055574458432572,22.03333333333333,7.816666666666666,1.758333333333333,0.0,0.0,1.0,0.0,0.0,0.0,0.0,0.0,0.0,0.0,0.0,0.0,0.0,0.0,0.0,0.0,0.0,0.0,0.0
G8T1,Brigham Young,6,0.5,3.09,-0.91,19.9,33.0,60.4,193.6,1.0,324.1,4.7,18.5,6.1,1.4,25.38333333333333,21.68333333333333,18.133333333333333,29.4,0.6167800453514739,199.61666666666667,1.1833333333333331,38.5,155.29166666666666,4.033549783549783,-8.725,66.73333333333333,354.7999999999999,5.316683316683316,18.966666666666665,5.675000000000002,1.3250000000000002,0.0,0.0,0.0,0.0,0.0,0.0,0.0,0.0,0.0,1.0,0.0,0.0,0.0,0.0,0.0,0.0,0.0,0.0,0.0
G8T2,Western Michigan,7,0.5833333333333334,-4.94,-3.32,15.8,25.4,62.1,220.8,2.3,386.9,6.2,19.6,6.5,1.5,33.166666666666664,33.291666666666664,18.483333333333334,29.85,0.6192071468453378,243.79166666666663,1.625,44.15000000000001,204.95,4.642129105322763,-8.791666666666666,73.83333333333333,448.85,6.079232505643341,23.36666666666667,5.9750000000000005,1.5416666666666667,0.0,0.0,0.0,0.0,0.0,0.0,0.0,0.0,0.0,0.0,0.0,1.0,0.0,0.0,0.0,0.0,0.0,0.0,0.0
G9T1,Florida International,8,0.6666666666666666,-0.51,-7.12,17.3,28.7,60.3,194.1,1.5,386.8,5.7,22.2,4.7,1.7,34.56666666666667,24.63333333333333,19.40833333333333,29.70833333333333,0.6532959326788219,247.59166666666667,2.191666666666667,37.833333333333336,170.35000000000005,4.502643171806168,-17.391666666666666,66.20833333333333,417.94166666666666,6.3125235997482685,20.90833333333333,4.7250000000000005,1.0,0.0,0.0,0.0,0.0,0.0,0.0,0.0,1.0,0.0,0.0,0.0,0.0,0.0,0.0,0.0,0.0,0.0,0.0,0.0
G9T2,Toledo,7,0.5833333333333334,-0.69,-5.0,21.8,35.8,60.9,255.1,1.5,432.3,5.8,22.1,7.7,1.6,41.1,30.125,16.474999999999998,29.766666666666666,0.5534714445688689,224.89166666666668,2.458333333333333,41.14166666666666,223.55833333333337,5.4338667206805775,-7.841666666666666,71.825,448.4500000000001,6.243647754959973,23.16666666666667,7.816666666666666,1.4333333333333331,0.0,0.0,0.0,0.0,0.0,0.0,0.0,0.0,0.0,0.0,0.0,1.0,0.0,0.0,0.0,0.0,0.0,0.0,0.0
G10T1,Army,10,0.8333333333333334,7.29,-3.79,14.8,25.2,58.8,188.8,1.3,295.3,5.6,15.7,5.5,1.4,29.7,18.008333333333333,4.0,7.791666666666668,0.5133689839572192,79.69166666666666,0.4583333333333333,68.35,296.2916666666667,4.334918312606682,-38.35,71.64166666666667,375.875,5.246597650343143,21.36666666666667,4.616666666666666,0.5666666666666667,0.0,0.0,0.0,0.0,0.0,0.0,0.0,0.0,0.0,1.0,0.0,0.0,0.0,0.0,0.0,0.0,0.0,0.0,0.0
G10T2,Houston,8,0.6666666666666666,1.2,-4.8,21.5,36.2,59.4,275.5,1.5,496.8,6.0,25.8,7.2,1.8,46.39166666666666,34.46666666666667,21.86666666666667,36.875,0.5929943502824859,300.9583333333333,3.7083333333333335,41.96666666666667,227.29166666666663,5.4160047656870525,-4.866666666666666,77.98333333333333,528.25,6.77388330839923,25.925,6.841666666666668,1.4583333333333333,0.0,0.0,0.0,1.0,0.0,0.0,0.0,0.0,0.0,0.0,0.0,0.0,0.0,0.0,0.0,0.0,0.0,0.0,0.0
G11T1,Louisiana Tech,7,0.5833333333333334,-4.68,-6.61,16.9,29.9,56.6,191.6,1.2,341.3,5.0,19.1,5.6,1.7,24.175,23.75,20.950000000000006,37.06666666666667,0.5651978417266187,246.54166666666663,1.2166666666666666,33.925000000000004,126.61666666666667,3.732252517808892,-12.158333333333333,70.40833333333333,373.26666666666665,5.301455793585038,20.675,4.233333333333333,1.375,0.0,0.0,0.0,0.0,0.0,0.0,0.0,0.0,1.0,0.0,0.0,0.0,0.0,0.0,0.0,0.0,0.0,0.0,0.0
G11T2,Hawaii,8,0.6153846153846154,-6.08,-4.37,17.3,28.1,61.4,235.1,2.0,439.7,6.3,21.2,7.2,0.9,32.09230769230769,35.41538461538462,23.353846153846153,39.276923076923076,0.5945945945945946,321.24615384615385,3.1846153846153844,29.36923076923077,113.8923076923077,3.877946568884232,-3.6,68.79999999999998,435.03076923076935,6.323121645796068,21.953846153846158,5.430769230769231,1.3846153846153846,0.0,0.0,0.0,0.0,0.0,0.0,0.0,0.0,0.0,0.0,0.0,0.0,0.0,1.0,0.0,0.0,0.0,0.0,0.0
G12T1,Troy,9,0.75,3.11,-4.59,17.5,29.8,58.5,219.2,1.5,347.9,5.0,18.5,5.8,2.4,29.75833333333333,21.166666666666668,18.108333333333334,27.316666666666666,0.6629042098840757,206.575,1.725,36.63333333333333,178.86666666666667,4.882620564149226,-7.683333333333334,65.03333333333333,385.55,5.92849820604818,18.83333333333333,7.025,1.65,0.0,0.0,0.0,0.0,0.0,0.0,0.0,0.0,0.0,0.0,0.0,0.0,0.0,0.0,0.0,0.0,0.0,0.0,1.0
G12T2,Buffalo,10,0.7692307692307693,1.58,-5.28,15.5,28.9,53.7,194.2,1.7,355.5,5.3,18.0,7.6,1.7,34.800000000000004,24.661538461538463,16.12307692307692,29.507692307692302,0.5464025026068821,221.66153846153844,2.0769230769230766,42.0,196.33846153846162,4.674725274725276,-5.046153846153846,71.66153846153847,417.89230769230767,5.831472735079433,22.261538461538464,4.892307692307694,1.1999999999999995,0.0,0.0,0.0,0.0,0.0,0.0,0.0,0.0,0.0,0.0,1.0,0.0,0.0,0.0,0.0,0.0,0.0,0.0,0.0
G13T1,Wake Forest,6,0.5,2.13,2.13,23.7,37.7,62.9,265.3,2.0,457.5,5.9,22.2,5.8,1.2,32.45,33.24166666666667,18.858333333333334,33.71666666666667,0.5593178447849728,227.46666666666667,1.975,48.88333333333333,218.00833333333333,4.4597681554722115,-15.016666666666666,81.65833333333332,445.36666666666673,5.454025921012349,24.591666666666665,3.966666666666667,1.5416666666666667,1.0,0.0,0.0,0.0,0.0,0.0,0.0,0.0,0.0,0.0,0.0,0.0,0.0,0.0,0.0,0.0,0.0,0.0,0.0
G13T2,Memphis,8,0.6153846153846154,2.28,-3.86,19.7,34.4,57.4,256.4,1.7,428.1,5.6,22.2,6.3,1.5,43.58461538461539,31.507692307692302,18.553846153846152,29.538461538461537,0.6281249999999999,248.75384615384613,2.0769230769230766,45.04615384615385,285.50769230769225,6.338114754098358,-12.261538461538462,72.73846153846154,534.2615384615385,7.3449661590524515,24.800000000000004,7.523076923076923,1.2153846153846155,0.0,0.0,0.0,1.0,0.0,0.0,0.0,0.0,0.0,0.0,0.0,0.0,0.0,0.0,0.0,0.0,0.0,0.0,0.0
G14T1,Minnesota,6,0.5,5.28,4.05,20.4,31.5,64.8,212.4,1.6,385.8,5.9,18.2,5.5,1.6,28.475,27.875,15.233333333333333,27.73333333333333,0.5492788461538461,215.2,1.4583333333333333,42.46666666666667,163.79999999999995,3.8571428571428568,-19.716666666666665,67.7,379.0,5.598227474150663,20.841666666666665,3.891666666666666,2.058333333333333,0.0,0.0,0.0,0.0,0.0,0.0,1.0,0.0,0.0,0.0,0.0,0.0,0.0,0.0,0.0,0.0,0.0,0.0,0.0
G14T2,Georgia Tech,7,0.5833333333333334,2.56,1.56,18.1,27.9,64.7,211.3,1.8,369.6,6.0,20.2,4.3,1.8,35.56666666666667,28.90833333333333,4.241666666666666,9.508333333333333,0.44609991235758106,84.36666666666666,0.5416666666666666,61.075,335.0250000000001,5.485468686041753,-13.375,67.91666666666667,419.28333333333336,6.173496932515337,21.8,3.8666666666666663,1.3250000000000002,0.0,1.0,0.0,0.0,0.0,0.0,0.0,0.0,0.0,0.0,0.0,0.0,0.0,0.0,0.0,0.0,0.0,0.0,0.0
G15T1,Texas Christian,6,0.5,3.96,4.42,17.4,31.3,55.5,199.6,1.3,338.2,4.9,18.6,5.6,1.6,24.625,24.441666666666666,19.15833333333333,32.266666666666666,0.5937500000000001,226.03333333333333,1.5166666666666666,39.525,148.46666666666667,3.756272401433692,-20.641666666666666,68.625,374.60833333333335,5.458773527625987,19.141666666666666,4.408333333333333,1.8333333333333333,0.0,0.0,0.0,0.0,1.0,0.0,0.0,0.0,0.0,0.0,0.0,0.0,0.0,0.0,0.0,0.0,0.0,0.0,0.0
G15T2,California,7,0.5833333333333334,1.68,0.68,17.2,29.8,57.6,174.8,1.0,317.2,4.6,17.5,6.2,2.2,22.70833333333333,21.266666666666666,19.70833333333333,32.458333333333336,0.6071887034659821,187.61666666666667,1.3,37.875,162.50833333333333,4.29064906490649,-7.25,70.58333333333333,350.125,4.960448642266824,19.741666666666667,5.925000000000002,2.183333333333333,0.0,0.0,0.0,0.0,0.0,0.0,0.0,0.0,0.0,0.0,0.0,0.0,0.0,0.0,1.0,0.0,0.0,0.0,0.0
G16T1,Baylor,6,0.5,3.32,3.09,19.0,31.5,60.2,241.3,1.9,424.9,6.5,20.5,6.2,0.8,28.20833333333333,31.175,22.950000000000006,37.49166666666667,0.6121360302289398,282.1666666666667,1.6749999999999998,38.9,159.52499999999995,4.100899742930591,-21.60833333333333,75.47500000000002,441.69166666666666,5.852158551396709,25.125,7.866666666666666,1.5416666666666667,0.0,0.0,0.0,0.0,1.0,0.0,0.0,0.0,0.0,0.0,0.0,0.0,0.0,0.0,0.0,0.0,0.0,0.0,0.0
G16T2,Vanderbilt,6,0.5,6.36,5.21,19.8,32.2,61.5,244.2,1.7,438.9,6.1,23.4,6.6,1.7,27.70833333333333,25.066666666666666,19.950000000000006,31.5,0.6333333333333334,240.175,1.866666666666667,32.90833333333333,157.64999999999995,4.79057989364396,-22.075,65.575,397.8250000000001,6.066717499046893,21.13333333333333,5.625,1.1083333333333334,0.0,0.0,0.0,0.0,0.0,0.0,0.0,0.0,0.0,0.0,0.0,0.0,0.0,0.0,0.0,0.0,1.0,0.0,0.0
G17T1,Duke,7,0.5833333333333334,6.14,3.38,17.6,32.1,54.9,199.5,1.3,408.8,5.5,20.9,5.4,1.0,27.18333333333333,27.43333333333333,20.516666666666666,35.98333333333333,0.5701713756368689,229.94166666666663,2.183333333333333,36.30833333333333,162.64999999999995,4.479687858618315,-8.625,72.70833333333333,392.5916666666666,5.399541547277937,20.375,4.216666666666667,1.375,0.0,1.0,0.0,0.0,0.0,0.0,0.0,0.0,0.0,0.0,0.0,0.0,0.0,0.0,0.0,0.0,0.0,0.0,0.0
G17T2,Temple,8,0.6666666666666666,1.75,-2.63,18.5,33.7,55.0,187.4,1.8,374.5,4.7,22.8,6.4,2.4,35.55833333333333,24.691666666666666,18.933333333333334,33.0,0.5737373737373738,255.7333333333333,1.5416666666666667,36.79166666666666,166.53333333333333,4.52638731596829,-2.033333333333333,71.20833333333333,422.375,5.931538911644237,21.275,7.658333333333332,1.8916666666666664,0.0,0.0,1.0,0.0,0.0,0.0,0.0,0.0,0.0,0.0,0.0,0.0,0.0,0.0,0.0,0.0,0.0,0.0,0.0
G18T1,Wisconsin,7,0.5833333333333334,7.68,2.61,16.1,27.8,57.9,189.1,1.1,344.2,5.5,17.7,3.4,1.9,29.25833333333333,24.23333333333333,14.45,24.43333333333333,0.5914051841746248,168.54999999999995,1.5416666666666667,46.64166666666666,268.43333333333334,5.755226013936039,-25.04166666666667,67.15833333333333,436.98333333333335,6.506762625635935,21.950000000000006,6.091666666666668,1.866666666666667,0.0,0.0,0.0,0.0,0.0,0.0,1.0,0.0,0.0,0.0,0.0,0.0,0.0,0.0,0.0,0.0,0.0,0.0,0.0
G18T2,Miami (FL),7,0.5833333333333334,6.48,1.64,13.0,24.4,53.3,135.6,0.8,278.7,4.3,15.8,4.8,1.9,30.950000000000006,18.20833333333333,14.666666666666664,28.266666666666666,0.5188679245283019,177.24166666666667,1.625,38.45,197.375,5.1332899869961,-8.025,66.21666666666667,374.61666666666673,5.657437704505413,18.025,5.9833333333333325,1.75,0.0,1.0,0.0,0.0,0.0,0.0,0.0,0.0,0.0,0.0,0.0,0.0,0.0,0.0,0.0,0.0,0.0,0.0,0.0
G19T1,Auburn,7,0.5833333333333334,11.05,5.9,18.0,32.5,55.5,219.5,1.2,355.8,5.2,19.0,6.9,1.6,28.225,19.633333333333333,18.058333333333334,29.825000000000006,0.6054763900530874,209.54166666666663,1.3166666666666669,40.76666666666666,164.125,4.02596075224857,-15.275,68.175,373.5583333333333,5.479403495905147,20.1,6.683333333333334,1.0833333333333333,0.0,0.0,0.0,0.0,0.0,0.0,0.0,0.0,0.0,0.0,0.0,0.0,0.0,0.0,0.0,0.0,0.0,1.0,0.0
G19T2,Purdue,6,0.5,7.07,6.54,23.2,37.2,62.3,288.2,1.7,456.2,6.0,23.6,7.4,1.1,31.875,27.25,25.9,39.3,0.6590330788804071,317.7916666666667,2.3833333333333333,30.200000000000006,141.18333333333334,4.674944812362031,-4.958333333333333,70.30833333333334,458.975,6.5280312907431535,22.200000000000006,6.216666666666668,1.4583333333333333,0.0,0.0,0.0,0.0,0.0,0.0,1.0,0.0,0.0,0.0,0.0,0.0,0.0,0.0,0.0,0.0,0.0,0.0,0.0
G20T1,Syracuse,9,0.75,11.88,1.03,19.6,35.6,55.1,264.1,1.5,426.5,5.8,19.9,7.6,2.4,40.71666666666667,27.75,20.78333333333333,36.06666666666667,0.5762476894639557,261.5083333333333,1.758333333333333,46.90000000000001,210.225,4.482409381663113,-6.441666666666667,81.88333333333334,471.73333333333335,5.761042133116223,23.566666666666666,6.883333333333334,1.35,1.0,0.0,0.0,0.0,0.0,0.0,0.0,0.0,0.0,0.0,0.0,0.0,0.0,0.0,0.0,0.0,0.0,0.0,0.0
G20T2,West Virginia,8,0.7272727272727273,12.68,3.93,20.6,32.4,63.5,258.7,1.8,406.8,5.9,22.1,6.8,2.0,42.21818181818182,26.58181818181818,24.781818181818185,37.01818181818182,0.6694499017681729,358.05454545454546,3.490909090909092,35.16363636363636,162.25454545454545,4.6142709410548095,-11.30909090909091,72.36363636363636,520.4181818181819,7.191708542713567,24.872727272727275,7.199999999999998,1.436363636363636,0.0,0.0,0.0,0.0,1.0,0.0,0.0,0.0,0.0,0.0,0.0,0.0,0.0,0.0,0.0,0.0,0.0,0.0,0.0
G21T1,Washington State,10,0.8333333333333334,12.22,-0.01,17.8,30.1,59.1,216.9,1.3,358.9,5.6,19.5,7.2,1.8,38.29166666666666,23.075000000000006,36.95,52.35833333333334,0.7057138309724652,379.70833333333326,3.083333333333333,19.1,83.14166666666667,4.352966841186737,-0.3833333333333331,74.125,462.95833333333326,6.245643620011243,24.95833333333333,6.65,1.1083333333333334,0.0,0.0,0.0,0.0,0.0,0.0,0.0,0.0,0.0,0.0,0.0,0.0,0.0,0.0,1.0,0.0,0.0,0.0,0.0
G21T2,Iowa State,8,0.6666666666666666,7.86,4.09,21.2,33.8,62.7,234.2,1.8,349.2,5.1,18.9,6.2,1.2,26.86666666666667,22.475,18.216666666666665,27.86666666666667,0.6537081339712917,234.725,1.625,36.425,124.38333333333333,3.4147792267215733,-15.041666666666664,63.29166666666666,359.21666666666664,5.675576036866358,18.966666666666665,4.366666666666666,1.375,0.0,0.0,0.0,0.0,1.0,0.0,0.0,0.0,0.0,0.0,0.0,0.0,0.0,0.0,0.0,0.0,0.0,0.0,0.0
G22T1,Alabama,13,1.0,27.13,5.42,16.0,30.9,51.7,187.6,1.4,308.7,4.7,16.6,6.5,1.5,47.907692307692315,14.830769230769231,19.507692307692302,28.753846153846155,0.6784376672017121,325.41538461538465,3.5692307692307685,38.87692307692308,202.15384615384616,5.199841709537001,-12.8,66.66153846153847,527.5692307692308,7.914147242095544,24.661538461538463,5.553846153846153,0.9692307692307692,0.0,0.0,0.0,0.0,0.0,0.0,0.0,0.0,0.0,0.0,0.0,0.0,0.0,0.0,0.0,0.0,0.0,1.0,0.0
G22T2,Oklahoma,12,0.9230769230769232,18.27,6.34,22.5,34.9,64.5,294.0,2.0,453.8,6.1,24.4,6.3,0.8,49.50769230769231,32.39999999999999,19.646153846153847,27.953846153846158,0.7028068244358833,324.04615384615386,3.1846153846153844,37.32307692307692,254.4307692307692,6.816982687551526,-9.415384615384617,65.66153846153847,578.3692307692309,8.808341143392688,26.43076923076923,6.03076923076923,0.9692307692307692,0.0,0.0,0.0,0.0,1.0,0.0,0.0,0.0,0.0,0.0,0.0,0.0,0.0,0.0,0.0,0.0,0.0,0.0,0.0
G23T1,Clemson,13,1.0,24.66,3.59,15.4,29.4,52.6,182.1,0.8,280.7,4.1,15.1,6.6,1.6,45.39999999999999,13.661538461538461,21.507692307692302,33.46153846153846,0.6427586206896552,269.70769230769235,2.3538461538461544,38.092307692307685,261.0769230769231,6.8537964458804534,-12.569230769230769,71.86153846153846,530.7846153846153,7.386212802397774,23.953846153846158,4.815384615384616,1.2153846153846155,1.0,0.0,0.0,0.0,0.0,0.0,0.0,0.0,0.0,0.0,0.0,0.0,0.0,0.0,0.0,0.0,0.0,0.0,0.0
G23T2,Notre Dame,12,1.0,17.18,4.95,21.2,37.3,56.9,207.9,0.8,347.4,4.7,19.9,5.0,1.6,33.766666666666666,17.216666666666665,20.9,32.050000000000004,0.6521060842433697,265.625,1.95,41.69166666666667,190.80833333333337,4.576654007595443,-5.058333333333334,73.55,456.4333333333333,6.205755721731249,23.93333333333333,5.050000000000002,1.241666666666667,0.0,0.0,0.0,0.0,0.0,0.0,0.0,0.0,0.0,1.0,0.0,0.0,0.0,0.0,0.0,0.0,0.0,0.0,0.0
G24T1,Florida,9,0.75,13.76,4.14,15.8,29.2,54.2,178.9,1.2,338.7,5.1,17.8,6.7,1.9,34.5,20.416666666666668,16.925,28.33333333333333,0.5973529411764706,217.125,2.3000000000000003,41.65833333333333,209.575,5.030806161232247,-19.55,68.74166666666666,426.7000000000001,6.207297854285369,22.36666666666667,7.491666666666666,1.1916666666666669,0.0,0.0,0.0,0.0,0.0,0.0,0.0,0.0,0.0,0.0,0.0,0.0,0.0,0.0,0.0,0.0,1.0,0.0,0.0
G24T2,Michigan,10,0.8333333333333334,16.47,5.47,12.5,25.4,49.4,141.8,1.0,275.2,4.6,15.8,5.8,1.3,36.88333333333333,17.599999999999994,16.716666666666665,25.950000000000006,0.6441875401412972,212.925,1.866666666666667,42.63333333333333,214.36666666666667,5.028146989835808,-4.25,69.16666666666667,427.29166666666674,6.177710843373494,21.79166666666667,7.033333333333332,0.8083333333333335,0.0,0.0,0.0,0.0,0.0,1.0,0.0,0.0,0.0,0.0,0.0,0.0,0.0,0.0,0.0,0.0,0.0,0.0,0.0
G25T1,Nevada,7,0.5833333333333334,-1.56,-3.72,20.5,34.5,59.2,245.5,2.2,387.5,5.3,19.7,6.4,1.7,32.35833333333333,28.05833333333333,23.091666666666665,38.225,0.6040985393503379,285.3666666666667,1.975,33.35,157.79999999999995,4.731634182908545,-5.133333333333333,71.075,443.16666666666674,6.235197561261578,21.391666666666666,5.8916666666666675,2.216666666666667,0.0,0.0,0.0,0.0,0.0,0.0,0.0,0.0,0.0,0.0,0.0,0.0,0.0,1.0,0.0,0.0,0.0,0.0,0.0
G25T2,Arkansas State,8,0.6666666666666666,1.12,-4.49,14.8,26.0,57.1,177.8,1.8,369.4,5.6,17.8,6.3,1.5,31.74166666666667,26.4,23.075000000000006,35.49166666666667,0.6501526179854427,282.0416666666667,2.3833333333333333,38.30833333333333,182.83333333333331,4.772677833369589,-17.150000000000002,73.71666666666667,464.875,6.306240108523626,22.941666666666666,7.899999999999999,1.05,0.0,0.0,0.0,0.0,0.0,0.0,0.0,0.0,0.0,0.0,0.0,0.0,0.0,0.0,0.0,0.0,0.0,0.0,1.0
G26T1,Virginia,7,0.5833333333333334,7.01,-0.14,15.1,28.7,52.5,183.0,0.9,331.3,5.3,16.3,5.5,1.6,28.54166666666667,21.775,17.125,27.20833333333333,0.6294027565084227,211.9,1.9166666666666667,39.016666666666666,170.22500000000005,4.362879111490817,-15.458333333333336,64.80833333333334,382.125,5.896232480390897,20.63333333333333,4.625,1.5416666666666667,0.0,1.0,0.0,0.0,0.0,0.0,0.0,0.0,0.0,0.0,0.0,0.0,0.0,0.0,0.0,0.0,0.0,0.0,0.0
G26T2,South Carolina,7,0.5833333333333334,7.31,5.85,20.2,32.5,62.1,229.0,0.9,428.5,5.6,25.5,6.5,1.2,32.60833333333333,27.13333333333333,21.225,33.69166666666667,0.629977739302498,277.3666666666667,2.708333333333333,33.475,163.35833333333332,4.880009957679861,-2.283333333333333,68.83333333333333,440.725,6.4027845036319615,22.4,6.408333333333332,1.5666666666666669,0.0,0.0,0.0,0.0,0.0,0.0,0.0,0.0,0.0,0.0,0.0,0.0,0.0,0.0,0.0,0.0,1.0,0.0,0.0
G27T1,Cincinnati,10,0.8333333333333334,7.14,-3.94,15.2,31.1,48.8,190.5,1.5,301.7,4.7,15.4,6.2,1.5,34.891666666666666,16.05,17.708333333333332,28.53333333333333,0.6206191588785046,220.08333333333331,1.758333333333333,47.38333333333333,238.125,5.025501231093915,-18.3,75.47500000000002,458.20833333333326,6.0709948106437,23.54166666666667,7.8,1.5416666666666667,0.0,0.0,1.0,0.0,0.0,0.0,0.0,0.0,0.0,0.0,0.0,0.0,0.0,0.0,0.0,0.0,0.0,0.0,0.0
G27T2,Virginia Tech,6,0.5,-0.5,1.42,17.9,30.1,59.6,228.4,1.4,438.7,6.4,20.3,6.5,1.5,29.700000000000006,30.66666666666667,19.133333333333333,33.166666666666664,0.5768844221105528,256.7,2.216666666666667,40.53333333333333,170.15833333333333,4.197985197368421,-17.041666666666668,72.53333333333333,426.9666666666666,5.886488970588236,22.15833333333333,5.449999999999998,1.1333333333333333,0.0,1.0,0.0,0.0,0.0,0.0,0.0,0.0,0.0,0.0,0.0,0.0,0.0,0.0,0.0,0.0,0.0,0.0,0.0
G28T1,Northwestern,8,0.6153846153846154,7.49,5.92,23.1,36.0,64.1,261.2,1.5,390.9,5.6,19.8,7.1,1.8,23.676923076923078,23.44615384615385,22.93846153846154,38.18461538461538,0.6007252215954876,239.2769230769231,1.1384615384615384,37.53846153846154,117.50769230769232,3.130327868852459,-4.292307692307692,74.95384615384614,356.89230769230767,4.761494252873564,20.723076923076924,2.892307692307692,1.4307692307692306,0.0,0.0,0.0,0.0,0.0,0.0,1.0,0.0,0.0,0.0,0.0,0.0,0.0,0.0,0.0,0.0,0.0,0.0,0.0
G28T2,Utah,9,0.6923076923076923,9.93,3.08,19.4,33.4,58.1,215.3,1.3,316.6,4.7,17.1,4.6,1.5,28.723076923076924,18.507692307692302,17.199999999999996,27.87692307692308,0.616997792494481,207.12307692307687,1.3538461538461537,39.83076923076924,189.4307692307692,4.755890305137117,-5.276923076923077,68.7076923076923,396.6615384615384,5.773175100761308,20.4,5.184615384615384,1.5846153846153843,0.0,0.0,0.0,0.0,0.0,0.0,0.0,0.0,0.0,0.0,0.0,0.0,0.0,0.0,0.0,1.0,0.0,0.0,0.0
G29T1,Oklahoma State,6,0.5,6.92,3.77,21.5,34.8,61.7,267.1,2.1,452.5,6.0,23.2,6.2,1.0,38.43333333333333,32.458333333333336,22.125,37.2,0.5947580645161291,306.675,2.375,39.475,192.50833333333333,4.876715220603758,-11.591666666666667,77.61666666666666,499.1833333333333,6.431393601030708,26.025,6.783333333333332,1.6749999999999998,0.0,0.0,0.0,0.0,1.0,0.0,0.0,0.0,0.0,0.0,0.0,0.0,0.0,0.0,0.0,0.0,0.0,0.0,0.0
G29T2,Missouri,8,0.6666666666666666,13.38,6.0,19.1,34.2,55.7,262.0,1.8,388.5,5.7,18.8,6.7,1.2,36.9,24.45833333333333,21.48333333333333,34.425000000000004,0.6240619704671991,271.6,2.1333333333333333,42.875,197.26666666666668,4.6009718172983485,-19.725,76.96666666666667,468.86666666666673,6.091814638371591,24.4,6.9750000000000005,1.2166666666666666,0.0,0.0,0.0,0.0,0.0,0.0,0.0,0.0,0.0,0.0,0.0,0.0,0.0,0.0,0.0,0.0,1.0,0.0,0.0
G30T1,Oregon,8,0.6666666666666666,6.69,-0.46,19.8,34.8,56.9,241.6,1.8,388.3,5.3,21.0,5.6,1.8,37.11666666666667,27.016666666666666,18.891666666666666,32.025,0.5899037210512621,254.61666666666667,2.3000000000000003,41.125,192.78333333333333,4.68774062816616,-0.6999999999999998,73.54166666666667,447.50833333333327,6.085099150141642,22.48333333333333,4.816666666666666,1.4083333333333334,0.0,0.0,0.0,0.0,0.0,0.0,0.0,0.0,0.0,0.0,0.0,0.0,0.0,0.0,1.0,0.0,0.0,0.0,0.0
G30T2,Michigan State,7,0.5833333333333334,6.02,5.1,21.5,36.7,58.7,225.2,1.1,303.2,4.5,16.4,5.2,1.8,19.758333333333333,18.05,19.4,38.05,0.5098554533508541,220.96666666666667,0.975,35.45,121.95,3.440056417489422,-12.058333333333332,72.89166666666667,343.0250000000001,4.705956327883847,20.3,6.083333333333332,1.758333333333333,0.0,0.0,0.0,0.0,0.0,1.0,0.0,0.0,0.0,0.0,0.0,0.0,0.0,0.0,0.0,0.0,0.0,0.0,0.0
G31T1,Stanford,8,0.6666666666666666,7.7,2.85,21.8,35.8,60.7,264.0,1.1,410.1,5.7,20.9,6.3,1.3,29.6,23.725,22.03333333333333,33.791666666666664,0.6520345252774353,287.10833333333335,2.3833333333333333,30.54166666666667,108.30833333333334,3.5462482946794,-7.283333333333334,63.02500000000001,395.41666666666674,6.273965357662302,19.90833333333333,5.458333333333332,1.3,0.0,0.0,0.0,0.0,0.0,0.0,0.0,0.0,0.0,0.0,0.0,0.0,0.0,0.0,1.0,0.0,0.0,0.0,0.0
G31T2,Pittsburgh,7,0.5384615384615384,5.45,6.31,16.4,29.3,55.9,209.3,1.7,388.4,5.9,20.0,5.1,1.3,26.56923076923077,28.861538461538462,13.153846153846152,22.107692307692307,0.5949895615866387,142.24615384615387,0.9692307692307692,41.70769230769231,229.53846153846158,5.503504241977131,-13.738461538461538,62.815384615384616,371.7846153846154,5.918687239774675,17.138461538461538,7.292307692307693,1.1846153846153848,0.0,1.0,0.0,0.0,0.0,0.0,0.0,0.0,0.0,0.0,0.0,0.0,0.0,0.0,0.0,0.0,0.0,0.0,0.0
G32T1,Texas A&M,8,0.6666666666666666,13.72,7.26,18.8,30.9,60.7,253.2,2.0,348.4,5.8,17.0,6.7,0.8,34.666666666666664,26.325000000000006,19.95833333333333,34.666666666666664,0.5757211538461539,261.98333333333335,1.975,42.46666666666667,203.83333333333331,4.7998430141287285,-31.03333333333333,76.46666666666667,465.81666666666666,6.0917611159546645,26.450000000000006,6.050000000000002,1.3250000000000002,0.0,0.0,0.0,0.0,0.0,0.0,0.0,0.0,0.0,0.0,0.0,0.0,0.0,0.0,0.0,0.0,0.0,1.0,0.0
G32T2,North Carolina State,9,0.75,6.56,0.26,20.5,34.9,58.8,261.1,1.4,392.6,5.9,18.5,6.8,1.5,35.53333333333333,22.641666666666666,26.25833333333333,38.71666666666667,0.6782178217821779,327.71666666666664,1.975,37.63333333333333,143.85833333333332,3.8226306465899023,-8.891666666666667,75.93333333333334,471.4666666666666,6.208955223880596,24.966666666666665,4.65,1.35,1.0,0.0,0.0,0.0,0.0,0.0,0.0,0.0,0.0,0.0,0.0,0.0,0.0,0.0,0.0,0.0,0.0,0.0,0.0
G33T1,Iowa,8,0.6666666666666666,13.17,3.33,17.7,30.9,57.2,184.1,1.5,294.8,4.6,16.5,5.9,2.1,31.55,17.45,18.4,31.43333333333333,0.5853658536585367,227.65,2.025,38.04166666666666,162.01666666666668,4.258926615553122,2.875,70.39166666666667,389.66666666666674,5.5356931454954434,20.858333333333334,5.2,1.35,0.0,0.0,0.0,0.0,0.0,0.0,1.0,0.0,0.0,0.0,0.0,0.0,0.0,0.0,0.0,0.0,0.0,0.0,0.0
G33T2,Mississippi State,8,0.6666666666666666,13.53,6.23,16.9,30.6,55.3,168.0,0.6,263.8,4.1,16.3,4.8,1.5,29.04166666666667,12.05,12.591666666666667,24.200000000000006,0.5203168044077134,175.61666666666667,1.758333333333333,40.125,226.4,5.6423676012461055,-13.666666666666664,63.6,402.01666666666665,6.321016771488469,19.983333333333334,6.2666666666666675,0.8333333333333334,0.0,0.0,0.0,0.0,0.0,0.0,0.0,0.0,0.0,0.0,0.0,0.0,0.0,0.0,0.0,0.0,0.0,1.0,0.0
G34T1,Kentucky,9,0.75,12.16,4.47,16.6,28.9,57.4,186.3,1.1,333.2,5.2,17.2,7.8,1.5,26.566666666666666,16.2,15.391666666666667,23.450000000000006,0.6563610518834398,164.875,1.1916666666666669,43.16666666666666,204.16666666666663,4.729729729729731,-12.391666666666666,64.36666666666666,369.04166666666674,5.73342827550492,20.225,6.3583333333333325,1.5166666666666666,0.0,0.0,0.0,0.0,0.0,0.0,0.0,0.0,0.0,0.0,0.0,0.0,0.0,0.0,0.0,0.0,1.0,0.0,0.0
G34T2,Penn State,9,0.75,12.32,4.86,17.2,32.0,53.6,181.5,1.1,350.5,4.7,20.0,7.4,1.5,34.61666666666667,19.95833333333333,15.7,28.716666666666665,0.5467208357515961,215.88333333333333,1.5666666666666669,40.30833333333333,208.45,5.171387223485633,-10.6,68.71666666666667,424.33333333333326,6.175115207373271,21.40833333333333,4.841666666666667,1.5666666666666669,0.0,0.0,0.0,0.0,0.0,1.0,0.0,0.0,0.0,0.0,0.0,0.0,0.0,0.0,0.0,0.0,0.0,0.0,0.0
G35T1,Louisiana State,9,0.75,15.48,5.94,17.2,34.5,49.7,200.1,1.4,338.7,4.8,19.5,7.8,1.9,31.766666666666666,20.950000000000006,16.883333333333333,29.450000000000006,0.5732880588568194,214.70833333333331,1.0750000000000002,43.75,174.64999999999995,3.992,-11.033333333333333,71.7,389.35833333333335,5.4303812180381215,21.925,5.7666666666666675,0.9166666666666666,0.0,0.0,0.0,0.0,0.0,0.0,0.0,0.0,0.0,0.0,0.0,0.0,0.0,0.0,0.0,0.0,0.0,1.0,0.0
G35T2,Central Florida,12,1.0,14.54,-2.77,17.6,31.8,55.4,211.4,1.2,435.7,5.5,23.5,8.0,2.2,44.13333333333333,21.25833333333333,17.633333333333333,30.13333333333333,0.5851769911504425,268.9583333333333,2.3000000000000003,46.81666666666667,277.44166666666666,5.926130295478817,-7.366666666666667,77.03333333333333,546.2916666666666,7.091627001298139,27.61666666666667,7.125,1.025,0.0,0.0,1.0,0.0,0.0,0.0,0.0,0.0,0.0,0.0,0.0,0.0,0.0,0.0,0.0,0.0,0.0,0.0,0.0
G36T1,Ohio State,12,0.9230769230769232,17.76,4.12,19.4,34.9,55.6,245.2,1.3,404.0,5.8,20.3,5.8,1.6,43.50769230769231,25.69230769230769,28.44615384615385,40.230769230769226,0.707074569789675,366.9846153846154,3.6461538461538465,40.984615384615395,181.9230769230769,4.438813813813813,-6.861538461538463,81.6,548.9076923076923,6.726809954751133,29.323076923076922,8.246153846153849,1.2923076923076924,0.0,0.0,0.0,0.0,0.0,1.0,0.0,0.0,0.0,0.0,0.0,0.0,0.0,0.0,0.0,0.0,0.0,0.0,0.0
G36T2,Washington,10,0.7692307692307693,11.46,3.75,21.1,32.6,64.6,190.1,0.9,306.2,4.7,16.9,5.3,1.4,26.661538461538463,15.507692307692304,17.584615384615386,26.892307692307693,0.6538901601830663,232.5076923076923,1.4307692307692306,39.16923076923077,179.93846153846158,4.593872741555382,-7.984615384615385,67.52307692307693,412.3384615384616,6.1066302118933695,21.723076923076924,4.815384615384616,1.2923076923076924,0.0,0.0,0.0,0.0,0.0,0.0,0.0,0.0,0.0,0.0,0.0,0.0,0.0,0.0,1.0,0.0,0.0,0.0,0.0
G37T1,Texas,9,0.6923076923076923,11.25,6.4,21.4,35.3,60.7,261.4,1.9,393.8,5.6,20.9,6.4,1.4,31.338461538461537,26.27692307692308,22.261538461538464,34.46153846153846,0.645982142857143,264.44615384615383,2.1538461538461537,41.138461538461534,151.8923076923077,3.692221391174271,-12.015384615384615,74.06153846153846,416.3384615384616,5.621520565018697,23.507692307692302,7.507692307692307,0.8615384615384616,0.0,0.0,0.0,0.0,1.0,0.0,0.0,0.0,0.0,0.0,0.0,0.0,0.0,0.0,0.0,0.0,0.0,0.0,0.0
G37T2,Georgia,11,0.8461538461538461,20.92,6.56,18.4,30.2,61.0,180.3,0.9,314.4,5.0,17.3,4.8,1.2,39.2,18.523076923076925,16.984615384615385,24.738461538461536,0.6865671641791046,227.1846153846154,2.3538461538461544,40.784615384615385,252.06153846153842,6.180309317238778,-4.3538461538461535,65.90769230769232,479.2461538461538,7.271475256769373,23.96923076923077,5.6923076923076925,0.9230769230769232,0.0,0.0,0.0,0.0,0.0,0.0,0.0,0.0,0.0,0.0,0.0,0.0,0.0,0.0,0.0,0.0,1.0,0.0,0.0
G38T1,Alabama,13,1.0,27.13,5.42,16.0,30.9,51.7,187.6,1.4,308.7,4.7,16.6,6.5,1.5,47.907692307692315,14.830769230769231,19.507692307692302,28.753846153846155,0.6784376672017121,325.41538461538465,3.5692307692307685,38.87692307692308,202.15384615384616,5.199841709537001,-12.8,66.66153846153847,527.5692307692308,7.914147242095544,24.661538461538463,5.553846153846153,0.9692307692307692,0.0,0.0,0.0,0.0,0.0,0.0,0.0,0.0,0.0,0.0,0.0,0.0,0.0,0.0,0.0,0.0,0.0,1.0,0.0
G38T2,Clemson,13,1.0,24.66,3.59,15.4,29.4,52.6,182.1,0.8,280.7,4.1,15.1,6.6,1.6,45.39999999999999,13.661538461538461,21.507692307692302,33.46153846153846,0.6427586206896552,269.70769230769235,2.3538461538461544,38.092307692307685,261.0769230769231,6.8537964458804534,-12.569230769230769,71.86153846153846,530.7846153846153,7.386212802397774,23.953846153846158,4.815384615384616,1.2153846153846155,1.0,0.0,0.0,0.0,0.0,0.0,0.0,0.0,0.0,0.0,0.0,0.0,0.0,0.0,0.0,0.0,0.0,0.0,0.0
